title,image,thumbnail,url,height,width,source
Butterfly in Black and White | Andreas Klodt | Flickr,https://c2.staticflickr.com/6/5477/11950212626_3f51b5f552_b.jpg,https://tse2.mm.bing.net/th?id=OIP.z1o1SBuzBXkQxQvZ1whnbAHaHa&pid=Api,http://flickr.com/photos/andreas_klodt/11950212626,1024,1024,Bing
Monarch Butterfly Flying Sketch,https://cdn4.vectorstock.com/i/1000x1000/05/78/monarch-butterfly-flying-silhouette-high-quality-vector-42890578.jpg,https://tse2.mm.bing.net/th?id=OIP.Z3UOWqSINbHEOTXM4HiKZQHaH_&pid=Api,https://proper-cooking.info/monarch-butterfly-flying-sketch,1080,1000,Bing
Elegant Grey Intricate Butterfly Free Stock Photo - Public Domain Pictures,https://www.publicdomainpictures.net/pictures/220000/velka/elegant-grey-intricate-butterfly-1496112487XHO.jpg,https://tse2.mm.bing.net/th?id=OIP.mPQNfYbdgjCfx2CEBiGm4wHaHa&pid=Api,https://www.publicdomainpictures.net/view-image.php?image=214949&picture=elegant-grey-intricate-butterfly,1920,1920,Bing
50 Butterfly Coloring Pages: Free Printable Sheets,https://momlovesbest.com/wp-content/uploads/2023/06/butterfly-coloring-pages-1.webp,https://tse4.mm.bing.net/th?id=OIP.NJFO5VQlsdjEx5RA75ZKrAHaJo&pid=Api,https://momlovesbest.com/butterfly-coloring-pages,1248,960,Bing
silueta de mariposa monarca. ilustraciÃ³n vectorial aislado sobre fondo ...,https://static.vecteezy.com/system/resources/previews/011/588/681/original/monarch-butterfly-silhouette-illustration-isolated-on-white-background-vector.jpg,https://tse4.mm.bing.net/th?id=OIP.8IxPfDZO__C7yGP7cIR_vAHaHa&pid=Api,https://es.vecteezy.com/arte-vectorial/11588681-silueta-de-mariposa-monarca-ilustracion-vectorial-aislado-sobre-fondo-blanco,1920,1920,Bing
Black Wallpaper: Butterfly,https://2.bp.blogspot.com/-BfFL4MNGwPY/TnxJeTuJiAI/AAAAAAAADig/2VKVfoCMWHg/s1600/butterfly+wallpaper+black.jpg,https://tse3.mm.bing.net/th?id=OIP.4EOmK8p1iqAUfPDra3mZ8gHaFj&pid=Api,https://naturesource.blogspot.com/2011/09/black-wallpaper-butterfly.html,768,1024,Bing
"Butterfly black silhouette with flowers, outline Stock Vector Image ...",https://c8.alamy.com/comp/2R6MBCG/butterfly-black-silhouette-with-flowers-outline-2R6MBCG.jpg,https://tse1.mm.bing.net/th?id=OIP.rrrNvYHrpmK20bxkCmSgLgHaH6&pid=Api,https://www.alamy.com/butterfly-black-silhouette-with-flowers-outline-image554867728.html,1390,1300,Bing
Premium Vector | Drawing black silhouettes of butterflies on a white ...,https://img.freepik.com/premium-vector/drawing-black-silhouettes-butterflies-white-background_422871-511.jpg?w=2000,https://tse1.mm.bing.net/th?id=OIP.TM2nZeTXOfYGURk8erVLVAHaDt&pid=Api,https://www.freepik.com/premium-vector/drawing-black-silhouettes-butterflies-white-background_40677693.htm,1000,2000,Bing
Free 13 Butterfly Drawings In Ai - NBKomputer,https://png.pngtree.com/png-clipart/20230607/original/pngtree-free-line-drawings-of-butterflies-png-image_9181556.png,https://tse2.mm.bing.net/th?id=OIP.ZIQwJ3mEiuMDZATnyU1RKAHaHa&pid=Api,https://nbkomputer.com/free-13-butterfly-drawings-in-ai/,1200,1200,Bing
"Free Butterfly Sketch Cliparts, Download Free Butterfly Sketch Cliparts ...",https://clipart-library.com/image_gallery/n200021.png,https://tse1.mm.bing.net/th?id=OIP.j8sFYEJE9HkoOiQIvPVthgHaHa&pid=Api,https://clipart-library.com/butterfly-sketch-cliparts.html,1400,1400,Bing
Butterfly Life Cycle Coloring Page - ColoringBay,https://coloringbay.com/wp-content/uploads/butterfly-life-cycle-coloring-page.jpg,https://tse2.mm.bing.net/th?id=OIP.mo_0TgYQZE34Alg1UyIQIwHaFW&pid=Api,https://coloringbay.com/butterfly-coloring-pages/butterfly-life-cycle-coloring-page,1376,1904,Bing
"Black butterfly, Butterfly Stencil Silhouette Drawing, macaron ...",https://i.pinimg.com/736x/74/22/86/742286059a4d6d1955d670f23b9ce2ef.jpg,https://tse2.mm.bing.net/th?id=OIP.zq8xdJonQo6aT6tVMdt9ugHaGl&pid=Api,https://www.pinterest.co.kr/pin/black-butterfly-butterfly-stencil-silhouette-drawing-macaron-template-brush-footed-butterfly-png--560205641157656526/,654,736,Bing
Monarch Butterflies Png Clipart,https://i.etsystatic.com/22467704/r/il/ea4f3c/3922777498/il_fullxfull.3922777498_jmio.jpg,https://tse3.mm.bing.net/th?id=OIP.X3FwV4Kmi2wUxA5CXedbFwHaGH&pid=Api,https://animalia-life.club/qa/pictures/monarch-butterflies-png-clipart,1960,2376,Bing
"Free Butterfly Illustration Black And White, Download Free Butterfly ...",https://clipart-library.com/images/8c65aXdqi.gif,https://tse3.mm.bing.net/th?id=OIP.sDm6SDwWTWAMnE0aLMLJ1QHaGW&pid=Api,https://clipart-library.com/free/butterfly-illustration-black-and-white.html,878,1024,Bing
Butterfly Sketch,https://bi.fbcd.co/posts/outline-butterfly-sketch-free-drawing-tutorial-63624369b11d2524454607.jpg,https://tse4.mm.bing.net/th?id=OIP.cy4PsykDd106tvIvJ7LNeQHaFL&pid=Api,https://fity.club/lists/suggestions/butterfly-sketch/,1050,1500,Bing
"Butterfly Liner Vector, Butterfly Drawing, Butterfly Sketch, Butterfly ...",https://png.pngtree.com/png-clipart/20230405/original/pngtree-butterfly-liner-png-image_9028153.png,https://tse2.mm.bing.net/th?id=OIP.xDLvOWXsykhg7AdENJRqdAHaHa&pid=Api,https://pngtree.com/freepng/butterfly-liner-vector_9028153.html,1200,1200,Bing
"Butterfly Pattern PNG Transparent, Butterfly Pattern, Butterfly Drawing ...",https://png.pngtree.com/png-clipart/20190705/original/pngtree-butterfly-pattern-png-image_4364940.jpg,https://tse3.mm.bing.net/th?id=OIP.Klk-yYjUQUO-dbzXq9jGTgHaHa&pid=Api,https://pngtree.com/freepng/butterfly-pattern_4364940.html,1200,1200,Bing
Butterfly Tattoo Clipart Free Stock Photo - Public Domain Pictures,https://www.publicdomainpictures.net/pictures/60000/velka/butterfly-tattoo-clipart.jpg,https://tse3.mm.bing.net/th?id=OIP.D3iCgEUM6S6hobjoVKMYfwHaHa&pid=Api,https://www.publicdomainpictures.net/view-image.php?image=50565&picture=butterfly-tattoo-clipart,1920,1920,Bing
Butterfly Coloring Page Images | Crazy Gallery | Coloriage papillon ...,https://i.pinimg.com/originals/4d/1d/93/4d1d93767dfb69b3894f73523144d3a8.jpg,https://tse3.mm.bing.net/th?id=OIP.laK2IyXqpFlcV7cuSDgjQQHaJl&pid=Api,https://in.pinterest.com/pin/560627853598147196/,3300,2550,Bing
"Free Black And White Butterfly, Download Free Black And White Butterfly ...",https://clipart-library.com/images/pcq84X8Ei.gif,https://tse2.mm.bing.net/th?id=OIP.-UnMQkXUh_qVWXd5j8J55AHaFS&pid=Api,https://clipart-library.com/black-and-white-butterfly.html,731,1023,Bing
"Free Butterfly Wing Outline, Download Free Butterfly Wing Outline png ...",https://clipart-library.com/images/AibjGBXbT.gif,https://tse3.mm.bing.net/th?id=OIP.7Z8sgoltGA3dOQYA1KGQdQHaG6&pid=Api,https://clipart-library.com/butterfly-wing-outline.html,956,1024,Bing
butterfly clipart black and white - Clip Art Library,https://clipart-library.com/new_gallery/butterfly-clipart-73.png,https://tse4.mm.bing.net/th?id=OIP.r4sDgFOuntDouC2DSpLZwAHaHp&pid=Api,https://clipart-library.com/clipart/butterfly-clipart-73.htm,2045,1979,Bing
Butterfly Coloring Pages | Team colors,https://1.bp.blogspot.com/-eY_UWp-XnTY/UYk_hHKeFxI/AAAAAAAAE8A/3Q0uWLsSrgs/s1600/monarch-butterfly-coloring-pages.jpg,https://tse2.mm.bing.net/th?id=OIP.NeT-B8RfHY7AuVeVAeynSwHaG5&pid=Api,https://teamcolors.blogspot.com/2013/05/butterfly-coloring-pages.html,932,1000,Bing
"Free Black And White Butterfly, Download Free Black And White Butterfly ...",http://clipart-library.com/images/yikKKk4BT.png,https://tse2.mm.bing.net/th?id=OIP.mIVpg7BhJa18Sq0INCSeiAHaG5&pid=Api,http://clipart-library.com/black-and-white-butterfly.html,2381,2555,Bing
50 Butterfly Coloring Pages: Free Printable Sheets,https://momlovesbest.com/wp-content/uploads/2023/06/butterfly-coloring-pages-2.webp,https://tse2.mm.bing.net/th?id=OIP.QTAMgTGf2dUrdiNYX9vPWwHaJo&pid=Api,https://momlovesbest.com/butterfly-coloring-pages,1248,960,Bing
Clipart - Black And White Butterfly,https://openclipart.org/image/2400px/svg_to_png/222362/Black-And-White-Butterfly.png,https://tse4.mm.bing.net/th?id=OIP.N2uarFW2feBtdmCg0ujxbgHaFe&pid=Api,https://openclipart.org/detail/222362/black-and-white-butterfly,1757,2374,Bing
Butterfly Silhouette Sticker - Free PNG Image,https://i.pinimg.com/736x/58/e0/40/58e0402a12f84e45640a261ea021f138.jpg,https://tse2.mm.bing.net/th?id=OIP.Y8JvaW12YzisRqqPm_pB-gHaHa&pid=Api,https://www.pinterest.com/pin/butterfly-silhouette-sticker-free-png-image--293508100729864822/,736,736,Bing
cigarette cards butterflies - Clip Art Library,https://clipart-library.com/img/1714017.png,https://tse2.mm.bing.net/th?id=OIP.rVWwbEJR9o2cJ6sRsjOamgHaHZ&pid=Api,https://clipart-library.com/clipart/1714017.htm,1418,1420,Bing
"Butterfly. Clipart Transparent PNG Hd, Vector Butterfly Icon, Butterfly ...",https://png.pngtree.com/png-clipart/20190924/original/pngtree-vector-butterfly-icon-png-image_4868975.jpg,https://tse4.mm.bing.net/th?id=OIP.uHJggCKDUeiKflsotKf9owHaHa&pid=Api,https://pngtree.com/freepng/vector-butterfly-icon_4868975.html,1200,1200,Bing
Butterfly Coloring Pages,http://www.butterfly-gardens.com/coloring-pages/butterfly-14-coloring-page.jpg,https://tse4.mm.bing.net/th?id=OIP.itrOkpDA-SzylTGQ403nwgHaJl&pid=Api,http://www.butterfly-gardens.com/butterfly-articles/butterfly-coloring-pages.php,3300,2550,Bing
Butterfly Silhouette Clipart Free Stock Photo - Public Domain Pictures,https://www.publicdomainpictures.net/pictures/270000/velka/butterfly-silhouette-clipart-1533967469I4o.jpg,https://tse2.mm.bing.net/th?id=OIP.PG5gl7I5otrH-1XSBV9x-gHaHa&pid=Api,https://www.publicdomainpictures.net/en/view-image.php?image=264451&picture=butterfly-silhouette-clipart,1920,1920,Bing
butterfly silhouette png - Clip Art Library,https://clipart-library.com/img/1077930.png,https://tse1.mm.bing.net/th?id=OIP.y-Yx6bTH-OTx81uQcYAyHQHaGM&pid=Api,https://clipart-library.com/clipart/1077930.htm,1946,2326,Bing
Butterfly Hard Coloring Page || COLORING-PAGES-PRINTABLE.COM,https://coloring-pages-printable.com/wp-content/uploads/Adults/Butterflies/butterfly-coloring-pages-for-adults-25.GIF,https://tse2.mm.bing.net/th?id=OIP.dAatYRi20YnOSV50Z-L3HAHaId&pid=Api,https://coloring-pages-printable.com/print/adult-butterflies/butterfly-coloring-pages-for-adults.php?id=25,1023,895,Bing
Butterfly Coloring Pages|free printable butterfly coloring pages ...,https://4.bp.blogspot.com/_61hf6pzN8OM/SwHiesQeqiI/AAAAAAAAAa8/LKJjVMYg3-k/s1600/butterfly-coloring-pages.gif,https://tse1.mm.bing.net/th?id=OIP.jipJkNey6Wp25-a2cHuIhgHaJ3&pid=Api,https://butterflycoloringpages.blogspot.com/,957,718,Bing
Coloring Butterfly Pages,https://mondaymandala.com/wp-content/uploads/Monarch-Butterfly-Hovering-On-Grass-791x1024.jpg,https://tse3.mm.bing.net/th?id=OIP.wRHx6bkQYF5wzx103PxmeQHaJl&pid=Api,https://animalia-life.club/qa/pictures/coloring-butterfly-pages,1024,791,Bing
clipart coloring pages butterfly - Clip Art Library,https://clipart-library.com/newimages/butterfly-clip-art-27.gif,https://tse1.mm.bing.net/th?id=OIP.0zVte1GfofIni4-teuZn2wHaIv&pid=Api,https://clipart-library.com/clipart/butterfly-clip-art-27.htm,1416,1200,Bing
Adorable Butterfly Coloring Page - Free Printable Coloring Pages for Kids,https://coloringonly.com/images/imgcolor/Adorable-Butterfly-coloring-page.jpg,https://tse2.mm.bing.net/th?id=OIP.JHDFaJhfhwfJrwxCvz0_swHaJS&pid=Api,https://coloringonly.com/pages/adorable-butterfly-coloring-page/,979,780,Bing
butterfly template free printable butterfly outlines one little project ...,https://templatelab.com/wp-content/uploads/2019/06/butterfly-template-24.jpg,https://tse2.mm.bing.net/th?id=OIP.flOeAvSATqBd-DmjJNE1SQHaJl&pid=Api,https://munozjanie.blogspot.com/2022/04/butterfly-template-free-printable.html,2500,1932,Bing
Rainbow Butterfly Coloring Page | Easy Drawing Guides,https://easydrawingguides.com/wp-content/uploads/2023/01/1410-easy-rainbow-butterfly-coloring-page.png,https://tse1.mm.bing.net/th?id=OIP._BKjT0PXHjif76Nj2UycxgHaHa&pid=Api,https://easydrawingguides.com/coloring-pages/rainbow-butterfly/,680,680,Bing
Butterfly silhouette. Silhouette of a moth Stock Vector | Adobe Stock,https://as2.ftcdn.net/v2/jpg/05/36/65/49/1000_F_536654948_cUxoEAyTkbJQZC18gaojandp2isfmkhN.jpg,https://tse2.mm.bing.net/th?id=OIP.N9bbXCjtg58yQZjG5glPKgAAAA&pid=Api,https://stock.adobe.com/images/butterfly-silhouette-silhouette-of-a-moth/536654948,474,474,Bing
Butterfly Printable Template | Free Printable Papercraft Templates,https://www.supercoloring.com/sites/default/files/fif/2022/11/butterfly-template-printable-paper-crafts_1.png,https://tse3.mm.bing.net/th?id=OIP.YHnMeHJoYXsP-JRXVYe8rgHaFw&pid=Api,https://www.supercoloring.com/paper-crafts/butterfly-printable-template-1,1165,1500,Bing
Pretty and simple butterfly to color - Butterflie Coloring Pages for Kids,https://www.justcolor.net/kids/wp-content/uploads/sites/12/nggallery/butterflies/coloring-pages-for-children-butterflies-99444.jpg,https://tse3.mm.bing.net/th?id=OIP.GfB3mT5VN94tzSkRk3zjuAHaFP&pid=Api,https://www.justcolor.net/kids/coloring-pages-of-animals/butterflies/?image=butterflies__coloring-pages-for-children-butterflies-99444__1,2000,2828,Bing
Butterfly wall decor ðŸ¦‹ ðŸ’– Transform your room into a serene sanctuary!,https://mamasmusthaves.com/wp-content/uploads/2023/02/butterfly-wall-decor.png,https://tse3.mm.bing.net/th?id=OIP.XTzXWLEpBBgYoGTTNokxUgHaFS&pid=Api,https://mamasmusthaves.com/butterfly-wall-decor/,1000,1400,Bing
Butterfly Silhouette PNG Images & Picture Free Download - Lovepik,https://img.lovepik.com/element/40169/3141.png_1200.png,https://tse2.mm.bing.net/th?id=OIP.-tKTMQyovC_xHTbE4naiRgHaE9&pid=Api,https://lovepik.com/image-401693141/butterfly-silhouette.html,2020,3020,Bing
Butterfly Line Drawing: A Step-by-Step Guide - Improve Drawing,https://improvedrawing.com/wp-content/uploads/2022/10/Butterfly-Line-Drawing.jpg,https://tse4.mm.bing.net/th?id=OIP.xDZA6YsjYrrR5D7WBwqKZAHaE8&pid=Api,https://improvedrawing.com/butterfly-line-drawing-a-step-by-step-guide/,800,1200,Bing
Simple butterfly black and white outline vector SVG line art Stock ...,https://as1.ftcdn.net/v2/jpg/05/32/29/72/1000_F_532297226_RLOIy04pUPxA3DZYQA77x9botr2X9SHh.jpg,https://tse1.mm.bing.net/th?id=OIP.ew6-Vb5FThAEpLC5WFCFRQHaHf&pid=Api,https://stock.adobe.com/images/simple-butterfly-black-and-white-outline-vector-svg-line-art/532297226,1000,989,Bing
Free simple butterflies coloring pages,http://www.bestcoloringpagesforkids.com/wp-content/uploads/2013/07/Monarch-Butterfly-Coloring-Page.jpg,https://tse2.mm.bing.net/th?id=OIP.ObyVQy8EexjINFfYqxizDAHaJ3&pid=Api,http://freecoloringpages.co.uk/?r=simple+butterflies,1266,950,Bing
Butterfly Drawing {6 Easy Steps}! - The Graphics Fairy,https://thegraphicsfairy.com/wp-content/uploads/2022/10/Butterfly-Drawing-Lesson-Step2-GraphicsFairy.jpeg,https://tse1.mm.bing.net/th?id=OIP.oLBgKTjsNd2njT6zf5BfHAHaGn&pid=Api,https://thegraphicsfairy.com/butterfly-drawing/,1340,1500,Bing
Printable Butterfly Outline Templates,https://colormadehappy.com/wp-content/uploads/2022/09/Butterfly-Outline-4.jpg,https://tse4.mm.bing.net/th?id=OIP.rPypw7Rs5KKOwo9mNKub1QHaJl&pid=Api,https://colormadehappy.com/printable-butterfly-outline-templates/,792,612,Bing
Monarch butterfly silhouette side view isolated Vector Image,https://cdn5.vectorstock.com/i/1000x1000/17/79/monarch-butterfly-silhouette-side-view-isolated-vector-46331779.jpg,https://tse3.mm.bing.net/th?id=OIP.DmlyqLHBROOjcxX3Rh79jgAAAA&pid=Api,https://www.vectorstock.com/royalty-free-vector/monarch-butterfly-silhouette-side-view-isolated-vector-46331779,511,474,Bing
"Hand Embroidery Art, Beaded Embroidery, Embroidery Stitches, Embroidery ...",https://i.pinimg.com/originals/a6/3f/e3/a63fe3328085165e36676b24aade934c.jpg,https://tse4.mm.bing.net/th?id=OIP.fXLcChXUpTFvGK7zUbt1YgHaKe&pid=Api,https://www.pinterest.com/pin/539446861628866950/,3508,2480,Bing
White Butterfly Free Stock Photo - Public Domain Pictures,https://www.publicdomainpictures.net/pictures/200000/velka/white-butterfly-1477850043iTW.jpg,https://tse3.mm.bing.net/th?id=OIP.zt5SBfh7J_nSrAlj5dYNegHaHa&pid=Api,https://www.publicdomainpictures.net/en/view-image.php?image=197111&picture=white-butterfly,1920,1920,Bing
SVG > insect beautiful spring summer - Free SVG Image & Icon. | SVG Silh,https://svgsilh.com/svg/306898.svg,https://tse1.mm.bing.net/th?id=OIP.fUCuM6I6q6irIgtfNL56VQHaG5&pid=Api,https://svgsilh.com/image/306898.html,1192,1280,Bing
Pin by Alexus Ledesma on Tattoos that I love in 2021 | Butterfly ...,https://i.pinimg.com/originals/cb/9b/1e/cb9b1eb02b55678c21b5437c609f3e20.jpg,https://tse4.mm.bing.net/th?id=OIP.ybLsPUqYye034JFknbsCWQHaF7&pid=Api,https://www.pinterest.com/pin/355925176808463485/,2179,2719,Bing
free printable butterfly coloring pages for kids - free printable ...,http://www.bestcoloringpagesforkids.com/wp-content/uploads/2013/07/Kids-Butterfly-Coloring-Pages.jpg,https://tse4.mm.bing.net/th?id=OIP.j-okC2YXJYT_0PmPmu1UGgHaHp&pid=Api,https://jeremykeyer.blogspot.com/2024/01/free-printable-butterfly-coloring-pages.html,2045,1979,Bing
Printable Butterfly Silhouette Template - TemplatesArea,https://www.templatesarea.com/wp-content/uploads/2022/12/printable-butterfly-silhouette-template.jpg,https://tse3.mm.bing.net/th?id=OIP.FvYI_ps7Zom_sFffUJhmagHaLH&pid=Api,https://www.templatesarea.com/printable-butterfly-silhouette-template/,900,600,Bing
Butterfly Drawing {6 Easy Steps}! - The Graphics Fairy,https://thegraphicsfairy.com/wp-content/uploads/2022/10/Butterfly-Drawing-Lesson-Step3-GraphicsFairy.jpeg,https://tse2.mm.bing.net/th?id=OIP.RIw1liZj-sMzcEVim90XLgHaGn&pid=Api,https://thegraphicsfairy.com/butterfly-drawing/,1340,1500,Bing
Arriba 77+ mariposa dibujo realista Ãºltima - camera.edu.vn,https://images.vexels.com/content/126014/preview/realistic-butterfly-illustration-set-fd34bc.png,https://tse2.mm.bing.net/th?id=OIP.kG266gkDG77pkfF4ySx4pAHaHa&pid=Api,https://camera.edu.vn/mariposa-dibujo-realista-ktv5j8vi/,1500,1500,Bing
Butterfly Tattoo Clipart Free Stock Photo - Public Domain Pictures,http://publicdomainpictures.net/pictures/60000/velka/butterfly-tattoo-clipart.jpg,https://tse2.mm.bing.net/th?id=OIP.tCbn-sm-Ol2JhV4Ly3tu7AHaHa&pid=Api,http://publicdomainpictures.net/view-image.php?image=50565&picture=butterfly-tattoo-clipart,1920,1920,Bing
"Free Butterfly Tattoo Designs PNG Transparent Images, Download Free ...",https://clipart-library.com/image_gallery2/Butterfly-Tattoo-Designs-PNG-Picture.png,https://tse3.mm.bing.net/th?id=OIP.Bgkuf_YZz4IZ_yaZPtF3BgHaIG&pid=Api,https://clipart-library.com/butterfly-tattoo-designs-png.html,1121,1024,Bing
"Butterfly png doodle sticker, black | Free PNG Illustration - rawpixel ...",https://i.pngimg.me/thumb/f/720/comrawpixel6551866.jpg,https://tse4.mm.bing.net/th?id=OIP.7G71zIUuQUbcomLBNHzE-gHaHa&pid=Api,https://png.is/f/butterfly-png-doodle-sticker-black-free-png-illustration-rawpixel/comrawpixel6551866-202205241719.html,720,720,Bing
Butterfly Outline | ClipArt ETC,http://etc.usf.edu/clipart/26200/26287/butterfly_26287.tif,https://tse1.mm.bing.net/th?id=OIP.FByJNj_0DdGLJ6cbu0TnRwHaG6&pid=Api,http://etc.usf.edu/clipart/26200/26287/butterfly_26287.htm,2241,2400,Bing
Butterfly Tracing Coloring Page - Free Printable Coloring Pages for Kids,https://coloringonly.com/images/imgcolor/Butterfly-Tracing-coloring-page.jpg,https://tse4.mm.bing.net/th?id=OIP.oVmymZCuB_GqPngTllF1sQHaIH&pid=Api,https://coloringonly.com/pages/butterfly-tracing-coloring-page/,876,800,Bing
Hand drawn doodle butterfly. Vector simple butterfly clip art. Outline ...,https://static.vecteezy.com/system/resources/previews/009/297/980/original/hand-drawn-doodle-butterfly-simple-butterfly-clip-art-outline-vector.jpg,https://tse2.mm.bing.net/th?id=OIP.dSMFyE4IufXJtep-mlLupAHaHa&pid=Api,https://www.vecteezy.com/vector-art/9297980-hand-drawn-doodle-butterfly-vector-simple-butterfly-clip-art-outline,1920,1920,Bing
"Free Butterfly Clipart Black And White, Download Free Butterfly Clipart ...",https://clipart-library.com/2018/butterfly-clipart-black-and-white-9.jpg,https://tse2.mm.bing.net/th?id=OIP.AAC4StgxMaR9yvX_MFwfhwHaHa&pid=Api,https://clipart-library.com/butterfly-clipart-black-and-white.html,1000,1000,Bing
"à®‡Ú¿Ú°Û£-Ú°Û£â€” Dungeons E Dragons, Aquarell Tattoos, Morpho Butterfly ...",https://i.pinimg.com/736x/02/be/dc/02bedce73ecc127e3d8e78837382ed94--butterfly-tattoos-cousin.jpg,https://tse3.mm.bing.net/th?id=OIP.XGfpvIw9j3HdfshAX-0i6QHaHo&pid=Api,https://www.pinterest.com/pin/51017408265113803/,759,736,Bing
"Shapes clipart butterfly, Picture #2025233 shapes clipart butterfly",https://webstockreview.net/images/shapes-clipart-butterfly-3.png,https://tse2.mm.bing.net/th?id=OIP.WvNLXI_kWpajsnp-s4LNnQHaFv&pid=Api,https://webstockreview.net/image/shapes-clipart-butterfly/2025233.html,760,980,Bing
Amazing Butterfly Coloring Page - Free Printable Coloring Pages for Kids,https://coloringonly.com/images/imgcolor/Amazing-Butterfly-coloring-page.jpg,https://tse1.mm.bing.net/th?id=OIP.j9ZgzdsY1GA8WApHtxsCjwHaFg&pid=Api,https://coloringonly.com/pages/amazing-butterfly-coloring-page/,718,965,Bing
Mariposa Stencil,https://cdn.shopify.com/s/files/1/2374/3709/products/Butterfly_Thumb_1800x.png?v=1544577511,https://tse3.mm.bing.net/th?id=OIP.pa6bJuuDBUDYawFtG_C_dgHaF7&pid=Api,https://mungfali.com/explore/Mariposa-Stencil,1440,1800,Bing
"Free Butterfly Outline Clipart, Download Free Butterfly Outline Clipart ...",https://clipart-library.com/images/BTaK4nGkc.png,https://tse4.mm.bing.net/th?id=OIP.j4smEXuiuIa0LgDSCbSv2QHaGl&pid=Api,https://clipart-library.com/butterfly-outline-clipart.html,1759,1979,Bing
Butterfly Outline Clipart Free Stock Photo - Public Domain Pictures,https://www.publicdomainpictures.net/pictures/60000/velka/butterfly-outline-clipart.jpg,https://tse2.mm.bing.net/th?id=OIP.0-lYc_K0z4XM3Ra_4WyafgHaHa&pid=Api,https://www.publicdomainpictures.net/view-image.php?image=50564&picture=butterfly-outline-clipart,1920,1920,Bing
Butterfly Coloring Pages - 10 Exquisite Illustrations,https://littlesproutlearning.com/wp-content/uploads/2022/03/Coloring-Page-Butterfly-10-scaled.jpg,https://tse3.mm.bing.net/th?id=OIP.kjnxlO52rrk32-mUgoC7ngHaJl&pid=Api,https://littlesproutlearning.com/butterfly-coloring-pages/,2560,1978,Bing
butterfly black and white 24134738 PNG,https://static.vecteezy.com/system/resources/previews/024/134/738/non_2x/butterfly-black-and-white-free-png.png,https://tse4.mm.bing.net/th?id=OIP.4id5rVe_Bs-MSQDFL8xQjwHaHa&pid=Api,https://www.vecteezy.com/png/24134738-butterfly-black-and-white,980,980,Bing
Butterfly Cut Out Template,https://superstarworksheets.com/wp-content/uploads/2023/02/ButterflyTemplate4Printable.jpg,https://tse3.mm.bing.net/th?id=OIP.X1cGoVxBvqarH9jROpv66gHaFt&pid=Api,https://animalia-life.club/qa/pictures/butterfly-cut-out-template,386,500,Bing
butterfly template free printable butterfly outlines one little project ...,https://flyclipart.com/thumb2/printable-butterfly-outline-coloring-pages-pattern-590337.png,https://tse4.mm.bing.net/th?id=OIP.Y6wc8Owg_Q5ZYOTAmQSiDwHaHa&pid=Api,https://caydentanner.blogspot.com/2022/04/butterfly-template-free-printable.html,840,840,Bing
Cute Butterfly Coloring Pages For Adults || COLORING-PAGES-PRINTABLE.COM,https://coloring-pages-printable.com/wp-content/uploads/Adults/Butterflies/butterfly-coloring-pages-for-adults-7.GIF,https://tse4.mm.bing.net/th?id=OIP.v-AYdGLTXeEa02FfFbUySAHaHa&pid=Api,https://coloring-pages-printable.com/print/adult-butterflies/butterfly-coloring-pages-for-adults.php?id=7,895,895,Bing
"Cute Butterfly, Butterfly Frame, Silhouette Png, Black Silhouette ...",https://i.pinimg.com/originals/d4/b9/5b/d4b95b348fd1236d3a599efc53fc39e9.jpg,https://tse2.mm.bing.net/th?id=OIP.OPB3HdrcZU-zzM9ZHJQhlQHaHa&pid=Api,https://www.pinterest.co.uk/pin/download-premium-png-of-butterfly-frame-png-element-transparent-background-by-benjamas-about-butterfly-silhouette-s-in-2023--986569862102331268/,1000,1000,Bing
coloring pages of butterflies - Clip Art Library,https://clipart-library.com/images/pc7rz7oc9.gif,https://tse1.mm.bing.net/th?id=OIP.ceIBFO5_nO4EzmuGVdKlbQHaFL&pid=Api,https://clipart-library.com/clipart/pc7rz7oc9.htm,600,858,Bing
[400+] Butterfly Aesthetic Wallpapers | Wallpapers.com,https://wallpapers.com/images/hd/butterfly-aesthetic-black-art-r9pb0g9y9o9olh3s.jpg,https://tse4.mm.bing.net/th?id=OIP.PKSwmv7FXNdOv9scfyz7ZAHaEK&pid=Api,https://wallpapers.com/butterfly-aesthetic,1080,1920,Bing
Download Simple Black Butterfly With White Outline Wallpaper ...,https://wallpapers.com/images/hd/simple-black-butterfly-with-white-outline-opaoz30pvtudx19s.jpg,https://tse1.mm.bing.net/th?id=OIP.WVmCrOUszETMe8TkxdWl3AHaMs&pid=Api,https://wallpapers.com/wallpapers/simple-black-butterfly-with-white-outline-opaoz30pvtudx19s.html,1262,736,Bing
Line Drawings Of Butterflies - ClipArt Best,http://www.clipartbest.com/cliparts/acq/edk/acqedkdji.png,https://tse1.mm.bing.net/th?id=OIP.BF7K_HEAbwCc4PpKerBoWQHaKe&pid=Api,http://www.clipartbest.com/line-drawings-of-butterflies,2785,1969,Bing
Half Butterfly Half Flower SVG | Master Bundles,https://masterbundles.com/wp-content/uploads/edd/2022/09/01.-half-butterfly-half-flower-svg-bundle-1000-x-1500.png,https://tse2.mm.bing.net/th?id=OIP.qb4hMg-cxpUKLReYFZY-ygHaLE&pid=Api,https://masterbundles.com/designstudio/half-butterfly-half-flower-svg/,1495,1000,Bing
Download Black Butterfly In Dark Backdrop Wallpaper | Wallpapers.com,https://wallpapers.com/images/hd/black-butterfly-in-dark-backdrop-indhfvebfif2c79c.jpg,https://tse3.mm.bing.net/th?id=OIP.Kab_NZVnjPc69DEVtnwyZgHaNL&pid=Api,https://wallpapers.com/wallpapers/black-butterfly-in-dark-backdrop-indhfvebfif2c79c.html,1309,736,Bing
the butterfly life cycle is shown in black and white,https://i.pinimg.com/736x/ff/f1/15/fff115561a33d0356b91124cf59492bc.jpg,https://tse3.mm.bing.net/th?id=OIP.Kr0PBCalX9oGcpL13hVoHQHaKe&pid=Api,https://www.pinterest.de/pin/printable-butterfly-coloring-pages-for-kids-in-2022--492299803031786737/,1024,724,Bing
Mono patterns hi-res stock photography and images - Alamy,https://c8.alamy.com/comp/S086Y2/butterfly-S086Y2.jpg,https://tse4.mm.bing.net/th?id=OIP.Qh2KTUgpmJ7f7WADQdWuQgHaJ8&pid=Api,https://www.alamy.com/stock-photo/mono-patterns.html,1390,1035,Bing
"Illustration Butterfly Art Logo Tattoo Vector, Butterfly, Butterfly ...",https://png.pngtree.com/png-clipart/20230509/original/pngtree-illustration-butterfly-art-logo-tattoo-png-image_9153704.png,https://tse3.mm.bing.net/th?id=OIP.m14g8zdp6SNpBSqWtue9kAHaHa&pid=Api,https://pngtree.com/freepng/illustration-butterfly-art-logo-tattoo-vector_9153704.html,1200,1200,Bing
Butterfly Clipart-black outline butterfly coloring page with dots and ...,https://classroomclipart.com/image/static7/preview2/black-outline-butterfly-coloring-page-with-dots-and-dots-on-the--57299.jpg,https://tse2.mm.bing.net/th?id=OIP.aWlojzV7b_jzKs_W8UisVAHaGD&pid=Api,https://classroomclipart.com/image/vector-clipart/black-outline-butterfly-coloring-page-with-dots-and-dots-on-the-57299.htm,450,550,Bing
monarch butterfly tattoo black and white - Natashia Hand,https://i.pinimg.com/originals/05/b3/4c/05b34c5fb27832cc935c075bba19995a.jpg,https://tse4.mm.bing.net/th?id=OIP.y86rdRAhaZMp_JUQGIPsLgHaHa&pid=Api,https://natashiahand.blogspot.com/2022/09/monarch-butterfly-tattoo-black-and-white.html,556,556,Bing
Butterfly Cut Out Template,https://superstarworksheets.com/wp-content/uploads/2023/02/ButterflyTemplate1Printable.jpg,https://tse2.mm.bing.net/th?id=OIP.35lVXROYBXmgSU9c7GE4tgHaFt&pid=Api,https://animalia-life.club/qa/pictures/butterfly-cut-out-template,386,500,Bing
clipart of flies cartoon black and white - Clip Art Library,https://clipart-library.com/img/924640.png,https://tse3.mm.bing.net/th?id=OIP.4fW8kuaEgzExLQky7TrYCQHaGh&pid=Api,https://clipart-library.com/clipart/924640.htm,6090,6910,Bing
Download Elegant Black Butterfly Shining Plain White Wallpaper ...,https://wallpapers.com/images/hd/elegant-black-butterfly-shining-plain-white-2wueee7jcvtw6cpo.jpg,https://tse4.mm.bing.net/th?id=OIP.nJcE1OhVQDlPu3DlC5az5wHaNL&pid=Api,https://wallpapers.com/wallpapers/elegant-black-butterfly-shining-plain-white-2wueee7jcvtw6cpo.html,1272,715,Bing
White Butterfly Free Stock Photo - Public Domain Pictures,https://www.publicdomainpictures.net/pictures/150000/velka/white-butterfly-1451166596DJ7.jpg,https://tse4.mm.bing.net/th?id=OIP.-DahBIlAt2R6GlY0KDHUZQHaHa&pid=Api,https://www.publicdomainpictures.net/en/view-image.php?image=142497&picture=white-butterfly,1920,1920,Bing
"Real Butterfly, Yellow Butterfly, Pink Butterfly, Butterfly Wings ...",https://icon-library.com/images/2018/11194388_butterfly-silhouette-portable-network-graphics-png-download.png,https://tse4.mm.bing.net/th?id=OIP.kqpxE5Ql4OLeofNumrRKlwHaKO&pid=Api,https://icon-library.com/png/1094120.html,1216,880,Bing
"""Unbelievable Compilation of Butterfly Drawing Images in Full 4K ...",https://c8.alamy.com/comp/PMKKAG/butterfly-line-drawing-isolated-on-a-white-background-vector-illustration-eps10-PMKKAG.jpg,https://tse2.mm.bing.net/th?id=OIP.KeMhK0gUzGBGEQvp5tUpUAHaH6&pid=Api,https://lassho.edu.vn/unbelievable-compilation-of-butterfly-drawing-images-in-full-4k-resolution-over-999-captivating-options/,1390,1300,Bing
Fauna Cut Out Stock Images & Pictures - Alamy,https://c8.alamy.com/comp/2CCER0X/butterfly-x-ray-2CCER0X.jpg,https://tse4.mm.bing.net/th?id=OIP.yKemdZa-ij07qn_ucJmGKQHaH6&pid=Api,https://www.alamy.com/stock-photo/fauna.html?cutout=1&sortBy=relevant,1390,1300,Bing
Butterfly Outline Free Stock Photo - Public Domain Pictures,https://www.publicdomainpictures.net/pictures/130000/velka/butterfly-outline.jpg,https://tse4.mm.bing.net/th?id=OIP.hqrLI-eOyCCqvWBuczjwZgHaHj&pid=Api,https://www.publicdomainpictures.net/en/view-image.php?image=125945&picture=butterfly-outline,1920,1881,Bing
Butterfly Clipart Free Stock Photo - Public Domain Pictures,https://www.publicdomainpictures.net/pictures/100000/velka/butterfly-clipart.jpg,https://tse1.mm.bing.net/th?id=OIP.yWkHUv8h-n_9AirYkllEgAHaHa&pid=Api,https://www.publicdomainpictures.net/en/view-image.php?image=95313&picture=butterfly-clipart,1920,1920,Bing
Stock manipulation hi-res stock photography and images - Alamy,https://c8.alamy.com/comp/2A86GFH/abstract-butterfly-2A86GFH.jpg,https://tse4.mm.bing.net/th?id=OIP.GYIFdIKZexOjutcO2i1d4wHaFc&pid=Api,https://www.alamy.com/stock-photo/stock-manipulation.html,956,1300,Bing
How to Draw a Butterfly | Design School,https://bi.fbcd.co/posts/outline-butterfly-wing-details-sketch-easy-tutorial-drawing-6362438ce7afd116188613.jpg,https://tse3.mm.bing.net/th?id=OIP.p5GhBz3lNp9ANJqfc4kAdgAAAA&pid=Api,https://designbundles.net/design-school/how-to-draw-a-butterfly,331,474,Bing
Butterflies And Flower Coloring Pages,https://momlovesbest.com/wp-content/uploads/2023/06/butterfly-coloring-pages-5.webp,https://tse1.mm.bing.net/th?id=OIP.GlL2hR_ihI620hsuRK6lBQHaJo&pid=Api,https://animalia-life.club/qa/pictures/butterflies-and-flower-coloring-pages,1248,960,Bing
